groovy,web,gradle,spring,jsf,hello,world
groovy,web,gradle,spring,jsp,challenge,question,3des,encryption,argon2,encode
groovy,web,gradle,spring,jsp,challenge,question,3des,encryption,bcrypt,encode
groovy,web,gradle,spring,jsp,challenge,question,3des,encryption,scrypt,encode
groovy,web,gradle,spring,jsp,challenge,question,aes,encryption,argon2,encode
groovy,web,gradle,spring,jsp,challenge,question,aes,encryption,scrypt,encode
groovy,web,gradle,spring,jsp,challenge,question,argon2,encode
groovy,web,gradle,spring,jsp,challenge,question,bcrypt,encode
groovy,web,gradle,spring,jsp,challenge,question,des,encryption,argon2,encode
groovy,web,gradle,spring,jsp,challenge,question,des,encryption,bcrypt,encode
groovy,web,gradle,spring,jsp,challenge,question,des,encryption,scrypt,encode
groovy,web,gradle,spring,jsp,challenge,question,rsa,encryption,argon2,encode
groovy,web,gradle,spring,jsp,challenge,question,rsa,encryption,bcrypt,encode
groovy,web,gradle,spring,jsp,challenge,question,rsa,encryption,scrypt,encode
groovy,web,gradle,spring,jsp,challenge,question,scrypt,encode
groovy,web,gradle,spring,jsp,crypto,register,aes,encrypted,argon2,encode
groovy,web,gradle,spring,jsp,crypto,register,aes,encrypted,bcrypt,encode
groovy,web,gradle,spring,jsp,crypto,register,aes,encrypted,scrypt,encode
groovy,web,gradle,spring,jsp,crypto,register,bcrypt,encode
groovy,web,gradle,spring,jsp,crypto,register,scrypt,encode
groovy,web,gradle,spring,jsp,crypto,remember,me,insecure
groovy,web,gradle,spring,jsp,crypto,reset,password,bcrypt,encode
groovy,web,gradle,spring,jsp,crypto,reset,password,remember,me
groovy,web,gradle,spring,jsp,register,3des,encryption,argon2,encode
groovy,web,gradle,spring,jsp,register,3des,encryption,bcrypt,encode
groovy,web,gradle,spring,jsp,register,3des,encryption,scrypt,encode
groovy,web,gradle,spring,jsp,register,argon2,encode
groovy,web,gradle,spring,jsp,register,des,encryption,argon2,encode
groovy,web,gradle,spring,jsp,register,des,encryption,bcrypt,encode
groovy,web,gradle,spring,jsp,register,des,encryption,scrypt,encode
groovy,web,gradle,spring,jsp,register,rsa,encryption,argon2,encode
groovy,web,gradle,spring,jsp,register,rsa,encryption,bcrypt,encode
groovy,web,gradle,spring,jsp,register,rsa,encryption,scrypt,encode
groovy,web,gradle,spring,jsp,reset,3des,encryption,argon2,encode
groovy,web,gradle,spring,jsp,reset,3des,encryption,bcrypt,encode
groovy,web,gradle,spring,jsp,reset,3des,encryption,scrypt,encode
groovy,web,gradle,spring,jsp,reset,aes,encryption,argon2,encode
groovy,web,gradle,spring,jsp,reset,aes,encryption,bcrypt,encode
groovy,web,gradle,spring,jsp,reset,aes,encryption,scrypt,encode
groovy,web,gradle,spring,jsp,reset,des,encryption,argon2,encode
groovy,web,gradle,spring,jsp,reset,des,encryption,bcrypt,encode
groovy,web,gradle,spring,jsp,reset,des,encryption,scrypt,encode
groovy,web,gradle,spring,jsp,reset,password,argon2,encode
groovy,web,gradle,spring,jsp,reset,password,scrypt,encode
groovy,web,gradle,spring,jsp,reset,rsa,encryption,argon2,encode
groovy,web,gradle,spring,jsp,reset,rsa,encryption,bcrypt,encode
groovy,web,gradle,spring,jsp,reset,rsa,encryption,scrypt,encode
groovy,web,gradle,spring,jsp,secure,3des,encrypt,argon2,encoded
groovy,web,gradle,spring,jsp,secure,3des,encrypt,bcrypt,encoded
groovy,web,gradle,spring,jsp,secure,3des,encrypt,scrypt,encoded
groovy,web,gradle,spring,jsp,secure,aes,encrypt,argon2,encoded
groovy,web,gradle,spring,jsp,secure,aes,encrypt,bcrypt,encoded
groovy,web,gradle,spring,jsp,secure,aes,encrypt,scrypt,encoded
groovy,web,gradle,spring,jsp,secure,argon2
groovy,web,gradle,spring,jsp,secure,bcrypt
groovy,web,gradle,spring,jsp,secure,des,encrypt,argon2,encoded
groovy,web,gradle,spring,jsp,secure,des,encrypt,bcrypt,encoded
groovy,web,gradle,spring,jsp,secure,des,encrypt,scrypt,encoded
groovy,web,gradle,spring,jsp,secure,rsa,encrypt,argon2,encoded
groovy,web,gradle,spring,jsp,secure,rsa,encrypt,bcrypt,encoded
groovy,web,gradle,spring,jsp,secure,rsa,encrypt,scrypt,encoded
groovy,web,gradle,spring,jsp,secure,scrypt
groovy,web,gradle,spring,selenium,test,jsf,hello,world
groovy,web,gradle,spring,selenium,test,thyme,hello,world
groovy,web,gradle,spring,thyme,hello,world
groovy,web,gradle,spring,thyme,secure,3des,encrypt,argon2,encoded
groovy,web,gradle,spring,thyme,secure,3des,encrypt,bcrypt,encoded
groovy,web,gradle,spring,thyme,secure,3des,encrypt,scrypt,encoded
groovy,web,maven,spring,selenium,test,thyme,hello
java,web,gradel,spring,jsp,challenge,question,aes,encryption,argon2,encode
java,web,gradel,spring,jsp,challenge,question,aes,encryption,scrypt,encode
java,web,gradle,spring,jsf,hello,world
java,web,gradle,spring,jsp,challenge,question,3des,encryption,argon2,encode
java,web,gradle,spring,jsp,challenge,question,3des,encryption,bcrypt,encode
java,web,gradle,spring,jsp,challenge,question,bcrypt,encode
java,web,gradle,spring,jsp,challenge,question,des,encryption,argon2,encode
java,web,gradle,spring,jsp,challenge,question,des,encryption,bcrypt,encode
java,web,gradle,spring,jsp,challenge,question,des,encryption,scrypt,encode
java,web,gradle,spring,jsp,challenge,question,scrypt,encode
java,web,gradle,spring,jsp,crypto,register,aes,encrypted,argon2,encode
java,web,gradle,spring,jsp,crypto,register,aes,encrypted,bcrypt,encode
java,web,gradle,spring,jsp,crypto,register,aes,encrypted,scrypt,encode
java,web,gradle,spring,jsp,crypto,register,argon2,encode
java,web,gradle,spring,jsp,crypto,register,bcrypt,encode
java,web,gradle,spring,jsp,crypto,remember,me,insecure
java,web,gradle,spring,jsp,crypto,reset,password,remember,me
java,web,gradle,spring,jsp,register,argon2,encode
java,web,gradle,spring,jsp,register,scrypt,encode
java,web,gradle,spring,jsp,reset,password,argon2,encode
java,web,gradle,spring,jsp,reset,password,bcrypt,encode
java,web,gradle,spring,jsp,reset,password,scrypt,encode
java,web,gradle,spring,jsp,secure,3des,encrypt,argon2,encoded
java,web,gradle,spring,jsp,secure,3des,encrypt,bcrypt,encoded
java,web,gradle,spring,jsp,secure,3des,encrypt,scrypt,encoded
java,web,gradle,spring,jsp,secure,aes,encrypt,argon2,encoded
java,web,gradle,spring,jsp,secure,aes,encrypt,bcrypt,encoded
java,web,gradle,spring,jsp,secure,aes,encrypt,scrypt,encoded
java,web,gradle,spring,jsp,secure,argon2
java,web,gradle,spring,jsp,secure,bcrypt
java,web,gradle,spring,jsp,secure,des,encrypt,argon2,encoded
java,web,gradle,spring,jsp,secure,des,encrypt,bcrypt,encoded
java,web,gradle,spring,jsp,secure,des,encrypt,scrypt,encoded
java,web,gradle,spring,jsp,secure,rsa,encrypt,argon2,encoded
java,web,gradle,spring,jsp,secure,rsa,encrypt,bcrypt,encoded
java,web,gradle,spring,jsp,secure,rsa,encrypt,scrypt,encoded
java,web,gradle,spring,jsp,secure,scrypt
java,web,gradle,spring,jsp,secure,single
java,web,gradle,spring,selenium,test,jsf,hello,world
java,web,gradle,spring,selenium,test,thyme,hello
java,web,maven,spring,jsf,hello,world
java,web,maven,spring,jsp,crypto,register,3des,encrypted,argon2,encode
java,web,maven,spring,jsp,crypto,register,3des,encrypted,bcrypt,encode
java,web,maven,spring,jsp,crypto,register,3des,encrypted,scrypt,encode
java,web,maven,spring,jsp,crypto,register,aes,encrypted,argon2,encode
java,web,maven,spring,jsp,crypto,register,aes,encrypted,bcrypt,encode
java,web,maven,spring,jsp,crypto,register,aes,encrypted,scrypt,encode
java,web,maven,spring,jsp,crypto,register,argon2,encode
java,web,maven,spring,jsp,crypto,register,bcrypt,encode
java,web,maven,spring,jsp,crypto,register,des,encrypted,argon2,encode
java,web,maven,spring,jsp,crypto,register,des,encrypted,bcrypt,encode
java,web,maven,spring,jsp,crypto,register,des,encrypted,scrypt,encode
java,web,maven,spring,jsp,crypto,register,rsa,encrypted,argon2,encode
java,web,maven,spring,jsp,crypto,register,rsa,encrypted,bcrypt,encode
java,web,maven,spring,jsp,crypto,register,rsa,encrypted,scrypt,encode
java,web,maven,spring,jsp,crypto,register,scrypt,encode
java,web,maven,spring,jsp,crypto,reset,3des,encrypted,argon2,encode
java,web,maven,spring,jsp,crypto,reset,3des,encrypted,bcrypt,encode
java,web,maven,spring,jsp,crypto,reset,3des,encrypted,scrypt,encode
java,web,maven,spring,jsp,crypto,reset,aes,encrypted,argon2,encode
java,web,maven,spring,jsp,crypto,reset,aes,encrypted,bcrypt,encode
java,web,maven,spring,jsp,crypto,reset,aes,encrypted,scrypt,encode
java,web,maven,spring,jsp,crypto,reset,des,encrypted,argon2,encode
java,web,maven,spring,jsp,crypto,reset,des,encrypted,bcrypt,encode
java,web,maven,spring,jsp,crypto,reset,des,encrypted,scrypt,encode
java,web,maven,spring,jsp,crypto,reset,password,argon2,encode
java,web,maven,spring,jsp,crypto,reset,password,bcrypt,encode
java,web,maven,spring,jsp,crypto,reset,password,scrypt,encode
java,web,maven,spring,jsp,crypto,reset,rsa,encrypted,argon2,encode
java,web,maven,spring,jsp,crypto,reset,rsa,encrypted,bcrypt,encode
java,web,maven,spring,jsp,crypto,reset,rsa,encrypted,scrypt,encode
java,web,maven,spring,jsp,secure,3des,encrypt,argon2,encoded
java,web,maven,spring,jsp,secure,3des,encrypt,bcrypt,encoded
java,web,maven,spring,jsp,secure,3des,encrypt,scrypt,encoded
java,web,maven,spring,jsp,secure,aes,encrypt,argon2,encoded
java,web,maven,spring,jsp,secure,aes,encrypt,bcrypt,encoded
java,web,maven,spring,jsp,secure,aes,encrypt,scrypt,encoded
java,web,maven,spring,jsp,secure,argon2
java,web,maven,spring,jsp,secure,bcrypt
java,web,maven,spring,jsp,secure,des,encrypt,argon2,encoded
java,web,maven,spring,jsp,secure,des,encrypt,bcrypt,encoded
java,web,maven,spring,jsp,secure,des,encrypt,scrypt,encoded
java,web,maven,spring,jsp,secure,rsa,encrypt,argon2,encoded
java,web,maven,spring,jsp,secure,rsa,encrypt,bcrypt,encoded
java,web,maven,spring,jsp,secure,rsa,encrypt,scrypt,encoded
java,web,maven,spring,jsp,secure,scrypt
java,web,maven,spring,selenium,test,jsf,hello,world
java,web,maven,spring,selenium,test,thyme,hello
java,web,sbt,spring,jsf,hello,world
java,web,sbt,spring,jsp,secure,3des,encrypt,argon2,encoded
java,web,sbt,spring,jsp,secure,3des,encrypt,bcrypt,encoded
java,web,sbt,spring,jsp,secure,3des,encrypt,scrypt,encoded
java,web,sbt,spring,jsp,secure,aes,encrypt,argon2,encoded
java,web,sbt,spring,jsp,secure,aes,encrypt,bcrypt,encoded
java,web,sbt,spring,jsp,secure,aes,encrypt,scrypt,encoded
java,web,sbt,spring,jsp,secure,des,encrypt,argon2,encoded
java,web,sbt,spring,jsp,secure,des,encrypt,bcrypt,encoded
java,web,sbt,spring,jsp,secure,des,encrypt,scrypt,encoded
java,web,sbt,spring,jsp,secure,rsa,encrypt,argon2,encoded
java,web,sbt,spring,jsp,secure,rsa,encrypt,bcrypt,encoded
java,web,sbt,spring,jsp,secure,rsa,encrypt,scrypt,encoded
java,web,sbt,spring,selenium,test,jsf,hello,world
java,web,sbt,spring,selenium,test,thyme,hello,world
java,web,sbt,spring,thyme,hello,world
kotlin,web,gradle,spring,jsf,hello,world
kotlin,web,gradle,spring,jsp,challenge,question,aes,encrypted,argon2,encode
kotlin,web,gradle,spring,jsp,challenge,question,aes,encrypted,bcrypt,encode
kotlin,web,gradle,spring,jsp,challenge,question,aes,encrypted,scrypt,encode
kotlin,web,gradle,spring,jsp,challenge,question,des,encrypted,argon2,encode
kotlin,web,gradle,spring,jsp,challenge,question,des,encrypted,bcrypt,encode
kotlin,web,gradle,spring,jsp,challenge,question,des,encrypted,scrypt,encode
kotlin,web,gradle,spring,jsp,challenge,question,rsa,encrypted,argon2,encode
kotlin,web,gradle,spring,jsp,challenge,question,rsa,encrypted,bcrypt,encode
kotlin,web,gradle,spring,jsp,crypto,challenge,question,password,argon2,encode
kotlin,web,gradle,spring,jsp,crypto,challenge,question,password,bcrypt,encode
kotlin,web,gradle,spring,jsp,crypto,challenge,question,password,scrypt,encode
kotlin,web,gradle,spring,jsp,crypto,register,aes,encrypted,argon2,encode
kotlin,web,gradle,spring,jsp,crypto,register,aes,encrypted,bcrypt,encode
kotlin,web,gradle,spring,jsp,crypto,register,aes,encrypted,scrypt,encode
kotlin,web,gradle,spring,jsp,crypto,register,argon2,encode
kotlin,web,gradle,spring,jsp,crypto,register,bcrypt,encode
kotlin,web,gradle,spring,jsp,crypto,register,scrypt,encode
kotlin,web,gradle,spring,jsp,crypto,remember,me,insecure
kotlin,web,gradle,spring,jsp,crypto,reset,password,remember,me
kotlin,web,gradle,spring,jsp,secure,3des,encrypt,argon2,encoded
kotlin,web,gradle,spring,jsp,secure,3des,encrypt,bcrypt,encoded
kotlin,web,gradle,spring,jsp,secure,3des,encrypt,scrypt,encoded
kotlin,web,gradle,spring,jsp,secure,aes,encrypt,argon2,encoded
kotlin,web,gradle,spring,jsp,secure,aes,encrypt,bcrypt,encoded
kotlin,web,gradle,spring,jsp,secure,aes,encrypt,scrypt,encoded
kotlin,web,gradle,spring,jsp,secure,des,encrypt,argon2,encoded
kotlin,web,gradle,spring,jsp,secure,des,encrypt,bcrypt,encoded
kotlin,web,gradle,spring,jsp,secure,des,encrypt,scrypt,encoded
kotlin,web,gradle,spring,jsp,secure,rsa,encrypt,argon2,encoded
kotlin,web,gradle,spring,jsp,secure,rsa,encrypt,bcrypt,encoded
kotlin,web,gradle,spring,jsp,secure,rsa,encrypt,scrypt,encoded
kotlin,web,gradle,spring,selenium,test,jsf,hello,world
kotlin,web,gradle,spring,selenium,test,thyme,hello,world
kotlin,web,gradle,spring,thyme,challenge,question,aes,encrypted,argon2,encode
kotlin,web,gradle,spring,thyme,challenge,question,aes,encrypted,bcrypt,encode
kotlin,web,gradle,spring,thyme,challenge,question,aes,encrypted,scrypt,encode
kotlin,web,gradle,spring,thyme,challenge,question,des,encrypted,argon2,encode
kotlin,web,gradle,spring,thyme,challenge,question,des,encrypted,bcrypt,encode
kotlin,web,gradle,spring,thyme,challenge,question,des,encrypted,scrypt,encode
kotlin,web,gradle,spring,thyme,challenge,question,rsa,encrypted,argon2,encode
kotlin,web,gradle,spring,thyme,challenge,question,rsa,encrypted,bcrypt,encode
kotlin,web,gradle,spring,thyme,crypto,challenge,question,password,argon2,encode
kotlin,web,gradle,spring,thyme,crypto,challenge,question,password,bcrypt,encode
kotlin,web,gradle,spring,thyme,crypto,challenge,question,password,scrypt,encode
kotlin,web,gradle,spring,thyme,hello,world
kotlin,web,maven,spring,jsf,hello,world
kotlin,web,maven,spring,jsp,challenge,question,3des,encrypted,argon2,encode
kotlin,web,maven,spring,jsp,challenge,question,3des,encrypted,bcrypt,encode
kotlin,web,maven,spring,jsp,challenge,question,3des,encrypted,scrypt,encode
kotlin,web,maven,spring,jsp,challenge,question,aes,encrypted,argon2,encode
kotlin,web,maven,spring,jsp,challenge,question,aes,encrypted,bcrypt,encode
kotlin,web,maven,spring,jsp,challenge,question,aes,encrypted,scrypt,encode
kotlin,web,maven,spring,jsp,challenge,question,des,encrypted,argon2,encode
kotlin,web,maven,spring,jsp,challenge,question,des,encrypted,bcrypt,encode
kotlin,web,maven,spring,jsp,challenge,question,des,encrypted,scrypt,encode
kotlin,web,maven,spring,jsp,challenge,question,password,remember,me
kotlin,web,maven,spring,jsp,challenge,question,rsa,encrypted,argon2,encode
kotlin,web,maven,spring,jsp,challenge,question,rsa,encrypted,bcrypt,encode
kotlin,web,maven,spring,jsp,challenge,question,rsa,encrypted,scrypt,encode
kotlin,web,maven,spring,jsp,crypto,challenge,question,password,argon2,encode
kotlin,web,maven,spring,jsp,crypto,challenge,question,password,bcrypt,encode
kotlin,web,maven,spring,jsp,crypto,challenge,question,password,scrypt,encode
kotlin,web,maven,spring,jsp,crypto,register,aes,encrypted,argon2,encode
kotlin,web,maven,spring,jsp,crypto,register,aes,encrypted,bcrypt,encode
kotlin,web,maven,spring,jsp,crypto,register,aes,encrypted,scrypt,encode
kotlin,web,maven,spring,jsp,crypto,register,argon2,encode
kotlin,web,maven,spring,jsp,crypto,register,bcrypt,encode
kotlin,web,maven,spring,jsp,crypto,register,scrypt,encode
kotlin,web,maven,spring,jsp,crypto,reset,password,argon2,encode
kotlin,web,maven,spring,jsp,crypto,reset,password,bcrypt,encode
kotlin,web,maven,spring,jsp,crypto,reset,password,scrypt,encode
kotlin,web,maven,spring,jsp,register,3des,encrypt,argon2,encoded
kotlin,web,maven,spring,jsp,register,3des,encrypt,bcrypt,encoded
kotlin,web,maven,spring,jsp,register,3des,encrypt,scrypt,encoded
kotlin,web,maven,spring,jsp,register,des,encrypt,argon2,encoded
kotlin,web,maven,spring,jsp,register,des,encrypt,bcrypt,encoded
kotlin,web,maven,spring,jsp,register,des,encrypt,scrypt,encoded
kotlin,web,maven,spring,jsp,register,rsa,encrypt,argon2,encoded
kotlin,web,maven,spring,jsp,register,rsa,encrypt,bcrypt,encoded
kotlin,web,maven,spring,jsp,register,rsa,encrypt,scrypt,encoded
kotlin,web,maven,spring,jsp,reset,3des,encrypted,argon2,encode
kotlin,web,maven,spring,jsp,reset,3des,encrypted,bcrypt,encode
kotlin,web,maven,spring,jsp,reset,3des,encrypted,scrypt,encode
kotlin,web,maven,spring,jsp,reset,aes,encrypted,argon2,encode
kotlin,web,maven,spring,jsp,reset,aes,encrypted,bcrypt,encode
kotlin,web,maven,spring,jsp,reset,aes,encrypted,scrypt,encode
kotlin,web,maven,spring,jsp,reset,des,encrypted,argon2,encode
kotlin,web,maven,spring,jsp,reset,des,encrypted,bcrypt,encode
kotlin,web,maven,spring,jsp,reset,des,encrypted,scrypt,encode
kotlin,web,maven,spring,jsp,reset,rsa,encrypted,argon2,encode
kotlin,web,maven,spring,jsp,reset,rsa,encrypted,bcrypt,encode
kotlin,web,maven,spring,jsp,reset,rsa,encrypted,scrypt,encode
kotlin,web,maven,spring,jsp,secure,3des,encrypt,argon2,encoded
kotlin,web,maven,spring,jsp,secure,3des,encrypt,bcrypt,encoded
kotlin,web,maven,spring,jsp,secure,3des,encrypt,scrypt,encoded
kotlin,web,maven,spring,jsp,secure,aes,encrypt,argon2,encoded
kotlin,web,maven,spring,jsp,secure,aes,encrypt,bcrypt,encoded
kotlin,web,maven,spring,jsp,secure,aes,encrypt,scrypt,encoded
kotlin,web,maven,spring,jsp,secure,argon2
kotlin,web,maven,spring,jsp,secure,bcrypt
kotlin,web,maven,spring,jsp,secure,des,encrypt,argon2,encoded
kotlin,web,maven,spring,jsp,secure,des,encrypt,bcrypt,encoded
kotlin,web,maven,spring,jsp,secure,des,encrypt,scrypt,encoded
kotlin,web,maven,spring,jsp,secure,rsa,encrypt,argon2,encoded
kotlin,web,maven,spring,jsp,secure,rsa,encrypt,bcrypt,encoded
kotlin,web,maven,spring,jsp,secure,rsa,encrypt,scrypt,encoded
kotlin,web,maven,spring,jsp,secure,scrypt
kotlin,web,maven,spring,selenium,test,jsf,hello,world
kotlin,web,maven,spring,selenium,test,thyme,hello,world
kotlin,web,maven,spring,thyme,challenge,question,3des,encrypted,argon2,encode
kotlin,web,maven,spring,thyme,challenge,question,3des,encrypted,bcrypt,encode
kotlin,web,maven,spring,thyme,challenge,question,3des,encrypted,scrypt,encode
kotlin,web,maven,spring,thyme,challenge,question,aes,encrypted,argon2,encode
kotlin,web,maven,spring,thyme,challenge,question,aes,encrypted,bcrypt,encode
kotlin,web,maven,spring,thyme,challenge,question,aes,encrypted,scrypt,encode
kotlin,web,maven,spring,thyme,challenge,question,des,encrypted,argon2,encode
kotlin,web,maven,spring,thyme,challenge,question,des,encrypted,bcrypt,encode
kotlin,web,maven,spring,thyme,challenge,question,des,encrypted,scrypt,encode
kotlin,web,maven,spring,thyme,challenge,question,password,remember,me
kotlin,web,maven,spring,thyme,challenge,question,rsa,encrypted,argon2,encode
kotlin,web,maven,spring,thyme,challenge,question,rsa,encrypted,bcrypt,encode
kotlin,web,maven,spring,thyme,challenge,question,rsa,encrypted,scrypt,encode
kotlin,web,maven,spring,thyme,crypto,challenge,question,password,argon2,encode
kotlin,web,maven,spring,thyme,crypto,challenge,question,password,bcrypt,encode
kotlin,web,maven,spring,thyme,crypto,challenge,question,password,scrypt,encode
kotlin,web,maven,spring,thyme,hello,world
scala,web,gradle,spring,jsf,hello,world
scala,web,gradle,spring,jsp,register,3des,encrypt,bcrypt,encoded
scala,web,gradle,spring,jsp,register,3des,encrypted,argon2,encode
scala,web,gradle,spring,jsp,register,3des,encrypt,scrypt,encoded
scala,web,gradle,spring,jsp,register,aes,encrypted,argon2,encode
scala,web,gradle,spring,jsp,register,aes,encrypted,bcrypt,encode
scala,web,gradle,spring,jsp,register,aes,encrypted,scrypt,encode
scala,web,gradle,spring,jsp,register,argon2,encode
scala,web,gradle,spring,jsp,register,bcrypt,encode
scala,web,gradle,spring,jsp,register,des,encrypt,bcrypt,encoded
scala,web,gradle,spring,jsp,register,des,encrypted,argon2,encode
scala,web,gradle,spring,jsp,register,des,encrypt,scrypt,encoded
scala,web,gradle,spring,jsp,register,rsa,encrypted,argon2,encode
scala,web,gradle,spring,jsp,register,rsa,encrypted,bcrypt,encode
scala,web,gradle,spring,jsp,register,rsa,encrypted,scrypt,encode
scala,web,gradle,spring,jsp,register,scrypt,encode
scala,web,gradle,spring,jsp,remeber,me,insecure
scala,web,gradle,spring,jsp,reset,remeber,me,insecure
scala,web,gradle,spring,jsp,secure,3des,encrypted,argon2,encoded
scala,web,gradle,spring,jsp,secure,3des,encrypted,bcrypt,encoded
scala,web,gradle,spring,jsp,secure,3des,encrypted,scrypt,encoded
scala,web,gradle,spring,jsp,secure,aes,encrypted,bcrypt,encoded
scala,web,gradle,spring,jsp,secure,aes,encrypted,scrypt,encoded
scala,web,gradle,spring,jsp,secure,argon2,encoded
scala,web,gradle,spring,jsp,secure,bcrypt,encoded
scala,web,gradle,spring,jsp,secure,des,encrypted,argon2,encoded
scala,web,gradle,spring,jsp,secure,des,encrypted,bcrypt,encoded
scala,web,gradle,spring,jsp,secure,des,encrypted,scrypt,encoded
scala,web,gradle,spring,jsp,secure,rsa,encrypted,argon2,encoded
scala,web,gradle,spring,jsp,secure,rsa,encrypted,bcrypt,encoded
scala,web,gradle,spring,jsp,secure,rsa,encrypted,scrypt,encoded
scala,web,gradle,spring,jsp,secure,scrypt,encoded
scala,web,gradle,spring,selenium,test,jsf,hello,world
scala,web,gradle,spring,selenium,test,thyme,hello,world
scala,web,gradle,spring,thyme,challenge,question,3des,encrypted,argon2,encoded
scala,web,gradle,spring,thyme,challenge,question,3des,encrypted,bcrypt,encoded
scala,web,gradle,spring,thyme,challenge,question,3des,encrypted,scrypt,encoded
scala,web,gradle,spring,thyme,challenge,question,aes,encrypted,argon2,encoded
scala,web,gradle,spring,thyme,challenge,question,aes,encrypted,bcrypt,encoded
scala,web,gradle,spring,thyme,challenge,question,aes,encrypted,scrypt,encoded
scala,web,gradle,spring,thyme,challenge,question,argon2,encoded
scala,web,gradle,spring,thyme,challenge,question,bcrypt,encoded
scala,web,gradle,spring,thyme,challenge,question,des,encrypted,argon2,encoded
scala,web,gradle,spring,thyme,challenge,question,des,encrypted,bcrypt,encoded
scala,web,gradle,spring,thyme,challenge,question,des,encrypted,scrypt,encoded
scala,web,gradle,spring,thyme,challenge,question,rsa,encrypted,argon2,encoded
scala,web,gradle,spring,thyme,challenge,question,rsa,encrypted,bcrypt,encoded
scala,web,gradle,spring,thyme,challenge,question,rsa,encrypted,scrypt,encoded
scala,web,gradle,spring,thyme,challenge,question,scrypt,encoded
scala,web,gradle,spring,thyme,hello,world
scala,web,gradle,spring,thyme,remeber,me,insecure
scala,web,gradle,spring,thyme,reset,remeber,me,insecure
scala,web,maven,spring,jsf,hello,world
scala,web,maven,spring,jsp,challenge,question,3des,encrypt,argon2,encode
scala,web,maven,spring,jsp,challenge,question,3des,encrypt,bcrypt,encode
scala,web,maven,spring,jsp,challenge,question,3des,encrypt,scrypt,encode
scala,web,maven,spring,jsp,challenge,question,aes,encrypt,argon2,encode
scala,web,maven,spring,jsp,challenge,question,aes,encrypt,bcrypt,encode
scala,web,maven,spring,jsp,challenge,question,aes,encrypt,scrypt,encode
scala,web,maven,spring,jsp,challenge,question,argon2,encode
scala,web,maven,spring,jsp,challenge,question,bcrypt,encode
scala,web,maven,spring,jsp,challenge,question,des,encrypt,argon2,encode
scala,web,maven,spring,jsp,challenge,question,des,encrypt,bcrypt,encode
scala,web,maven,spring,jsp,challenge,question,des,encrypt,scrypt,encode
scala,web,maven,spring,jsp,challenge,question,rsa,encrypt,argon2,encode
scala,web,maven,spring,jsp,challenge,question,rsa,encrypt,bcrypt,encode
scala,web,maven,spring,jsp,challenge,question,rsa,encrypt,scrypt,encode
scala,web,maven,spring,jsp,challenge,question,scrypt,encode
scala,web,maven,spring,jsp,register,3des,encrypt,argon2,encoded
scala,web,maven,spring,jsp,register,3des,encrypt,bcrypt,encoded
scala,web,maven,spring,jsp,register,3des,encrypt,scrypt,encoded
scala,web,maven,spring,jsp,register,aes,encrypted,argon2,encode
scala,web,maven,spring,jsp,register,aes,encrypted,bcrypt,encode
scala,web,maven,spring,jsp,register,aes,encypted,scrypt,encode
scala,web,maven,spring,jsp,register,bcrypt,encode
scala,web,maven,spring,jsp,register,des,encrypt,argon2,encode
scala,web,maven,spring,jsp,register,des,encrypted,bcrypt,encode
scala,web,maven,spring,jsp,register,des,encrypted,scrypt,encode
scala,web,maven,spring,jsp,register,rsa,encrypted,argon2,encode
scala,web,maven,spring,jsp,register,rsa,encrypted,bcrypt,encode
scala,web,maven,spring,jsp,register,rsa,encrypted,scrypt,encode
scala,web,maven,spring,jsp,reset,3des,encrypt,argon2,encode
scala,web,maven,spring,jsp,reset,3des,encrypt,bcrypt,encode
scala,web,maven,spring,jsp,reset,3des,encrypt,scrypt,encode
scala,web,maven,spring,jsp,reset,aes,encrypt,argon2,encode
scala,web,maven,spring,jsp,reset,aes,encrypt,bcrypt,encode
scala,web,maven,spring,jsp,reset,aes,encrypt,scrypt,encode
scala,web,maven,spring,jsp,reset,argon2,encode
scala,web,maven,spring,jsp,reset,bcrypt,encode
scala,web,maven,spring,jsp,reset,des,encrypt,argon2,encode
scala,web,maven,spring,jsp,reset,des,encrypt,bcrypt,encode
scala,web,maven,spring,jsp,reset,des,encrypt,scrypt,encode
scala,web,maven,spring,jsp,reset,rsa,encrypt,argon2,encode
scala,web,maven,spring,jsp,reset,rsa,encrypt,bcrypt,encode
scala,web,maven,spring,jsp,reset,rsa,encrypt,scrypt,encode
scala,web,maven,spring,jsp,reset,scrypt,encode
scala,web,maven,spring,jsp,secure,3des,encrypt,argon2,encode
scala,web,maven,spring,jsp,secure,3des,encrypt,bcrypt,encode
scala,web,maven,spring,jsp,secure,3des,encrypt,scrypt,encode
scala,web,maven,spring,jsp,secure,aes,encrypt,argon2,encode
scala,web,maven,spring,jsp,secure,aes,encrypt,bcrypt,encode
scala,web,maven,spring,jsp,secure,aes,encrypt,scrypt,encode
scala,web,maven,spring,jsp,secure,argon2,encode
scala,web,maven,spring,jsp,secure,bcrypt,encode
scala,web,maven,spring,jsp,secure,des,encrypt,argon2,encode
scala,web,maven,spring,jsp,secure,des,encrypt,bcrypt,encode
scala,web,maven,spring,jsp,secure,des,encrypt,scrypt,encode
scala,web,maven,spring,jsp,secure,rsa,encrypt,argon2,encode
scala,web,maven,spring,jsp,secure,rsa,encrypt,bcrypt,encode
scala,web,maven,spring,jsp,secure,rsa,encrypt,scrypt,encode
scala,web,maven,spring,jsp,secure,scrypt,encode
scala,web,maven,spring,selenium,test,jsf,hello,world
scala,web,maven,spring,selenium,test,thyme,hello,world
scala,web,maven,spring,thyme,challenge,question,3des,encrypt,argon2,encode
scala,web,maven,spring,thyme,challenge,question,3des,encrypt,bcrypt,encode
scala,web,maven,spring,thyme,challenge,question,3des,encrypt,scrypt,encode
scala,web,maven,spring,thyme,challenge,question,aes,encrypt,argon2,encode
scala,web,maven,spring,thyme,challenge,question,aes,encrypt,bcrypt,encode
scala,web,maven,spring,thyme,challenge,question,aes,encrypt,scrypt,encode
scala,web,maven,spring,thyme,challenge,question,argon2,encode
scala,web,maven,spring,thyme,challenge,question,bcrypt,encode
scala,web,maven,spring,thyme,challenge,question,des,encrypt,argon2,encode
scala,web,maven,spring,thyme,challenge,question,des,encrypt,bcrypt,encode
scala,web,maven,spring,thyme,challenge,question,des,encrypt,scrypt,encode
scala,web,maven,spring,thyme,challenge,question,rsa,encrypt,argon2,encode
scala,web,maven,spring,thyme,challenge,question,rsa,encrypt,bcrypt,encode
scala,web,maven,spring,thyme,challenge,question,rsa,encrypt,scrypt,encode
scala,web,maven,spring,thyme,challenge,question,scrypt,encode
scala,web,maven,spring,thyme,hello,world
scala,web,maven,spring,thyme,remeber,me,insecure
scala,web,maven,spring,thyme,reset,remeber,me,insecure
scala,web,millbuild,spring,thyme,challenge,question,3des,encrypt,argon2,encode
scala,web,millbuild,spring,thyme,challenge,question,3des,encrypt,bcrypt,encode
scala,web,millbuild,spring,thyme,challenge,question,3des,encrypt,scrypt,encode
scala,web,millbuild,spring,thyme,challenge,question,aes,encrypt,argon2,encode
scala,web,millbuild,spring,thyme,challenge,question,aes,encrypt,bcrypt,encode
scala,web,millbuild,spring,thyme,challenge,question,aes,encrypt,scrypt,encode
scala,web,millbuild,spring,thyme,challenge,question,argon2,encode
scala,web,millbuild,spring,thyme,challenge,question,bcrypt,encode
scala,web,millbuild,spring,thyme,challenge,question,des,encrypt,argon2,encode
scala,web,millbuild,spring,thyme,challenge,question,des,encrypt,bcrypt,encode
scala,web,millbuild,spring,thyme,challenge,question,des,encrypt,scrypt,encode
scala,web,millbuild,spring,thyme,challenge,question,rsa,encrypt,argon2,encode
scala,web,millbuild,spring,thyme,challenge,question,rsa,encrypt,bcrypt,encode
scala,web,millbuild,spring,thyme,challenge,question,rsa,encrypt,scrypt,encode
scala,web,millbuild,spring,thyme,challenge,question,scrypt,encode
scala,web,millbuild,spring,thyme,hello,world
scala,web,millbuild,spring,thyme,remeber,me,insecure
scala,web,sbt,spring,jsf,hello,world
scala,web,sbt,spring,jsp,challenge,question,3des,encrypt,argon2,encode
scala,web,sbt,spring,jsp,challenge,question,3des,encrypt,bcrypt,encode
scala,web,sbt,spring,jsp,challenge,question,3des,encrypt,scrypt,encode
scala,web,sbt,spring,jsp,challenge,question,aes,encrypted,argon2,encode
scala,web,sbt,spring,jsp,challenge,question,aes,encrypted,bcrypt,encode
scala,web,sbt,spring,jsp,challenge,question,aes,encrypted,scrypt,encode
scala,web,sbt,spring,jsp,challenge,question,argon2,encode
scala,web,sbt,spring,jsp,challenge,question,bcrypt,encode
scala,web,sbt,spring,jsp,challenge,question,des,encrypt,argon2,encode
scala,web,sbt,spring,jsp,challenge,question,des,encrypt,bcrypt,encode
scala,web,sbt,spring,jsp,challenge,question,des,encrypt,scrypt,encode
scala,web,sbt,spring,jsp,challenge,question,rsa,encrypt,argon2,encode
scala,web,sbt,spring,jsp,challenge,question,rsa,encrypt,bcrypt,encode
scala,web,sbt,spring,jsp,challenge,question,rsa,encrypt,scrypt,encode
scala,web,sbt,spring,jsp,challenge,question,scrypt,encode
scala,web,sbt,spring,jsp,register,3des,encrypted,argon2,encode
scala,web,sbt,spring,jsp,register,3des,encrypted,bcrypt,encode
scala,web,sbt,spring,jsp,register,3des,encrypted,scrypt,encode
scala,web,sbt,spring,jsp,register,aes,encrypted,argon2,encode
scala,web,sbt,spring,jsp,register,aes,encrypted,bcrypt,encode
scala,web,sbt,spring,jsp,register,aes,encrypted,scrypt,encode
scala,web,sbt,spring,jsp,register,argon2,encode
scala,web,sbt,spring,jsp,register,bcrypt,encode
scala,web,sbt,spring,jsp,register,des,encrypted,argon2,encode
scala,web,sbt,spring,jsp,register,des,encrypted,bcrypt,encode
scala,web,sbt,spring,jsp,register,des,encrypted,scrypt,encode
scala,web,sbt,spring,jsp,register,rsa,encrypted,argon2,encode
scala,web,sbt,spring,jsp,register,rsa,encrypted,bcrypt,encode
scala,web,sbt,spring,jsp,register,rsa,encrypted,scrypt,encode
scala,web,sbt,spring,jsp,register,scrypt,encode
scala,web,sbt,spring,jsp,remeber,me,insecure
scala,web,sbt,spring,jsp,reset,3des,encrypt,argon2,encode
scala,web,sbt,spring,jsp,reset,3des,encrypt,bcrypt,encode
scala,web,sbt,spring,jsp,reset,3des,encrypt,scrypt,encode
scala,web,sbt,spring,jsp,reset,aes,encrypted,argon2,encode
scala,web,sbt,spring,jsp,reset,aes,encrypted,bcrypt,encode
scala,web,sbt,spring,jsp,reset,aes,encrypted,scrypt,encode
scala,web,sbt,spring,jsp,reset,argon2,encode
scala,web,sbt,spring,jsp,reset,bcrypt,encode
scala,web,sbt,spring,jsp,reset,des,encrypt,argon2,encode
scala,web,sbt,spring,jsp,reset,des,encrypt,bcrypt,encode
scala,web,sbt,spring,jsp,reset,des,encrypt,scrypt,encode
scala,web,sbt,spring,jsp,reset,remeber,me,insecure
scala,web,sbt,spring,jsp,reset,rsa,encrypt,argon2,encode
scala,web,sbt,spring,jsp,reset,rsa,encrypt,bcrypt,encode
scala,web,sbt,spring,jsp,reset,rsa,encrypt,scrypt,encode
scala,web,sbt,spring,jsp,reset,scrypt,encode
scala,web,sbt,spring,jsp,secure,3des,encrypt,argon2,encode
scala,web,sbt,spring,jsp,secure,3des,encrypt,bcrypt,encode
scala,web,sbt,spring,jsp,secure,3des,encrypt,scrypt,encode
scala,web,sbt,spring,jsp,secure,aes,encrypted,argon2,encode
scala,web,sbt,spring,jsp,secure,aes,encrypted,bcrypt,encode
scala,web,sbt,spring,jsp,secure,aes,encrypted,scrypt,encode
scala,web,sbt,spring,jsp,secure,argon2,encode
scala,web,sbt,spring,jsp,secure,bcrypt,encode
scala,web,sbt,spring,jsp,secure,des,encrypt,argon2,encode
scala,web,sbt,spring,jsp,secure,des,encrypt,bcrypt,encode
scala,web,sbt,spring,jsp,secure,des,encrypt,scrypt,encode
scala,web,sbt,spring,jsp,secure,rsa,encrypt,argon2,encode
scala,web,sbt,spring,jsp,secure,rsa,encrypt,bcrypt,encode
scala,web,sbt,spring,jsp,secure,rsa,encrypt,scrypt,encode
scala,web,sbt,spring,jsp,secure,scrypt,encode
scala,web,sbt,spring,selenium,test,jsf,hello,world
scala,web,sbt,spring,selenium,test,thyme,hello,world
scala,web,sbt,spring,thyme,challenge,question,3des,encrypt,argon2,encode
scala,web,sbt,spring,thyme,challenge,question,3des,encrypt,bcrypt,encode
scala,web,sbt,spring,thyme,challenge,question,3des,encrypt,scrypt,encode
scala,web,sbt,spring,thyme,challenge,question,aes,encrypted,argon2,encode
scala,web,sbt,spring,thyme,challenge,question,aes,encrypted,bcrypt,encode
scala,web,sbt,spring,thyme,challenge,question,aes,encrypted,scrypt,encode
scala,web,sbt,spring,thyme,challenge,question,argon2,encode
scala,web,sbt,spring,thyme,challenge,question,bcrypt,encode
scala,web,sbt,spring,thyme,challenge,question,des,encrypt,argon2,encode
scala,web,sbt,spring,thyme,challenge,question,des,encrypt,bcrypt,encode
scala,web,sbt,spring,thyme,challenge,question,des,encrypt,scrypt,encode
scala,web,sbt,spring,thyme,challenge,question,rsa,encrypt,argon2,encode
scala,web,sbt,spring,thyme,challenge,question,rsa,encrypt,bcrypt,encode
scala,web,sbt,spring,thyme,challenge,question,rsa,encrypt,scrypt,encode
scala,web,sbt,spring,thyme,challenge,question,scrypt,encode
scala,web,sbt,spring,thyme,hello,world
scala,web,sbt,spring,thyme,remeber,me,insecure
scala,web,sbt,spring,thyme,reset,remeber,me,insecure
scala,web,millbuild,spring,jsp,secure,3des,encrypt,argon2,encode
scala,web,millbuild,spring,jsp,secure,3des,encrypt,bcrypt,encode
scala,web,millbuild,spring,jsp,secure,3des,encrypt,scrypt,encode
scala,web,millbuild,spring,jsp,secure,aes,encrypt,argon2,encode
scala,web,millbuild,spring,jsp,secure,aes,encrypt,bcrypt,encode
scala,web,millbuild,spring,jsp,secure,aes,encrypt,scrypt,encode
scala,web,millbuild,spring,jsp,secure,argon2,encode
scala,web,millbuild,spring,jsp,secure,bcrypt,encode
scala,web,millbuild,spring,jsp,secure,des,encrypt,argon2,encode
scala,web,millbuild,spring,jsp,secure,des,encrypt,bcrypt,encode
scala,web,millbuild,spring,jsp,secure,des,encrypt,scrypt,encode
scala,web,millbuild,spring,jsp,secure,rsa,encrypt,argon2,encode
scala,web,millbuild,spring,jsp,secure,rsa,encrypt,bcrypt,encode
scala,web,millbuild,spring,jsp,secure,rsa,encrypt,scrypt,encode
scala,web,millbuild,spring,jsp,secure,scrypt,encode
scala,web,millbuild,spring,jsf,hello,world
scala,web,millbuild,spring,selenium,test,jsf,hello,world
java,cli,maven,cucumber,when,then,hello,world
java,cli,maven,failsafe,cucumber,junit,hello,world
java,cli,maven,failsafe,cucumber,testng,hello,world
java,cli,maven,failsafe,junit,test,hello,world
java,cli,maven,failsafe,testng,test,hello,world
java,cli,maven,param,cucumber,hello,world
java,cli,maven,spock,test,hello,world
java,cli,maven,spring,failsafe,cucumber,junit,car,data
java,cli,maven,spring,failsafe,cucumber,testng,car,data
java,cli,maven,spring,failsafe,junit,test,car,data
java,cli,maven,spring,failsafe,mockito,car,data
java,cli,maven,spring,failsafe,testng,test,car,data
java,cli,maven,spring,spock,test,car,data
java,cli,maven,spring,surefire,cucumber,junit,car,data
java,cli,maven,spring,surefire,cucumber,testng,car,data
java,cli,maven,spring,surefire,junit,test,car,data
java,cli,maven,spring,surefire,mockito,car,data
java,cli,maven,spring,surefire,testng,test,car,data
java,cli,maven,surefire,cucumber,junit,hello,world
java,cli,maven,surefire,cucumber,testng,hello,world
java,cli,maven,surefire,junit,test,hello,world
java,cli,maven,surefire,testng,test,hello,world
groovy,web,gradle,spring,thyme,challenge,question,rsa,encryption,argon2,encode
groovy,web,gradle,spring,thyme,challenge,question,rsa,encryption,bcrypt,encode
groovy,web,gradle,spring,thyme,challenge,question,rsa,encryption,scrypt,encode
groovy,web,gradle,spring,thyme,register,3des,encryption,argon2,encode
groovy,web,gradle,spring,thyme,register,3des,encryption,bcrypt,encode
groovy,web,gradle,spring,thyme,register,3des,encryption,scrypt,encode
groovy,web,gradle,spring,thyme,register,des,encryption,argon2,encode
groovy,web,gradle,spring,thyme,register,des,encryption,bcrypt,encode
groovy,web,gradle,spring,thyme,register,des,encryption,scrypt,encode
groovy,web,gradle,spring,thyme,register,rsa,encryption,argon2,encode
groovy,web,gradle,spring,thyme,register,rsa,encryption,bcrypt,encode
groovy,web,gradle,spring,thyme,register,rsa,encryption,scrypt,encode
groovy,web,gradle,spring,thyme,reset,3des,encryption,argon2,encode
groovy,web,gradle,spring,thyme,reset,3des,encryption,bcrypt,encode
groovy,web,gradle,spring,thyme,reset,3des,encryption,scrypt,encode
groovy,web,gradle,spring,thyme,reset,aes,encryption,argon2,encode
groovy,web,gradle,spring,thyme,reset,aes,encryption,bcrypt,encode
groovy,web,gradle,spring,thyme,reset,aes,encryption,scrypt,encode
groovy,web,gradle,spring,thyme,reset,des,encryption,argon2,encode
groovy,web,gradle,spring,thyme,reset,des,encryption,bcrypt,encode
groovy,web,gradle,spring,thyme,reset,des,encryption,scrypt,encode
groovy,web,gradle,spring,thyme,reset,rsa,encryption,argon2,encode
groovy,web,gradle,spring,thyme,reset,rsa,encryption,bcrypt,encode
groovy,web,gradle,spring,thyme,reset,rsa,encryption,scrypt,encode
kotlin,cli,bazel,crypto,aes,password
kotlin,cli,bazel,crypto,aes,password,salt
kotlin,cli,bazel,crypto,bcrypt,hashing
kotlin,cli,bazel,crypto,des,password
kotlin,cli,bazel,crypto,des,password,salt
kotlin,cli,bazel,crypto,gzip,compress,rsa,encrypted
kotlin,cli,bazel,crypto,gzip,compress,rsa,encrypted,argon2,encoded
kotlin,cli,bazel,crypto,gzip,compress,rsa,encrypted,bcrypt,encoded
kotlin,cli,bazel,crypto,gzip,compress,rsa,encrypted,scrypt,encoded
kotlin,cli,bazel,crypto,pbkdf2,hashing
kotlin,cli,bazel,crypto,scrypt,hashing
kotlin,cli,bazel,mongo,crud,delete
kotlin,cli,bazel,mongo,crud,select,all
kotlin,cli,bazel,mongo,crud,select,insert,many
kotlin,cli,bazel,mongo,crud,update
kotlin,cli,bazel,spring,activemq,object,hello,world
kotlin,cli,bazel,spring,activemq,string,hello,world
kotlin,cli,bazel,triple,des,encryption
kotlin,cli,bazel,triple,des,encryption,salted,password
kotlin,cli,maven,crypto,bcrypt,hashing
kotlin,cli,maven,crypto,gzip,compress,rsa,encrypted,argon2,encoded
kotlin,cli,maven,crypto,pbkdf2,hashing
scala,web,gradle,spring,thyme,reset,3des,encrypted,argon2,encoded
scala,web,gradle,spring,thyme,reset,3des,encrypted,bcrypt,encoded
scala,web,gradle,spring,thyme,reset,3des,encrypted,scrypt,encoded
scala,web,gradle,spring,thyme,reset,aes,encrypted,argon2,encoded
scala,web,gradle,spring,thyme,reset,aes,encrypted,bcrypt,encoded
scala,web,gradle,spring,thyme,reset,aes,encrypted,scrypt,encoded
scala,web,gradle,spring,thyme,reset,argon2,encoded
scala,web,gradle,spring,thyme,reset,bcrypt,encoded
scala,web,gradle,spring,thyme,reset,des,encrypted,argon2,encoded
scala,web,gradle,spring,thyme,reset,des,encrypted,bcrypt,encoded
scala,web,gradle,spring,thyme,reset,des,encrypted,scrypt,encoded
scala,web,gradle,spring,thyme,reset,rsa,encrypted,argon2,encoded
scala,web,gradle,spring,thyme,reset,rsa,encrypted,bcrypt,encoded
scala,web,gradle,spring,thyme,reset,rsa,encrypted,scrypt,encoded
scala,web,gradle,spring,thyme,reset,scrypt,encoded
scala,web,gradle,spring,thyme,secure,3des,encrypted,argon2,encoded
scala,web,gradle,spring,thyme,secure,3des,encrypted,bcrypt,encoded
scala,web,gradle,spring,thyme,secure,3des,encrypted,scrypt,encoded
scala,web,gradle,spring,thyme,secure,aes,encrypted,argon2,encoded
scala,web,gradle,spring,thyme,secure,aes,encrypted,bcrypt,encoded
scala,web,gradle,spring,thyme,secure,aes,encrypted,scrypt,encoded
scala,web,gradle,spring,thyme,secure,argon2,encoded
scala,web,gradle,spring,thyme,secure,bcrypt,encoded
scala,web,gradle,spring,thyme,secure,des,encrypted,argon2,encoded
scala,web,gradle,spring,thyme,secure,des,encrypted,bcrypt,encoded
scala,web,gradle,spring,thyme,secure,des,encrypted,scrypt,encoded
scala,web,gradle,spring,thyme,secure,rsa,encrypted,argon2,encoded
scala,web,gradle,spring,thyme,secure,rsa,encrypted,bcrypt,encoded
scala,web,gradle,spring,thyme,secure,rsa,encrypted,scrypt,encoded
scala,web,gradle,spring,thyme,secure,scrypt,encoded
scala,web,maven,spring,thyme,reset,3des,encrypt,argon2,encode
scala,web,maven,spring,thyme,reset,3des,encrypt,bcrypt,encode
scala,web,maven,spring,thyme,reset,3des,encrypt,scrypt,encode
scala,web,maven,spring,thyme,reset,aes,encrypt,argon2,encode
scala,web,maven,spring,thyme,reset,aes,encrypt,bcrypt,encode
scala,web,maven,spring,thyme,reset,aes,encrypt,scrypt,encode
scala,web,maven,spring,thyme,reset,argon2,encode
scala,web,maven,spring,thyme,reset,bcrypt,encode
scala,web,maven,spring,thyme,reset,des,encrypt,argon2,encode
scala,web,maven,spring,thyme,reset,des,encrypt,bcrypt,encode
scala,web,maven,spring,thyme,reset,des,encrypt,scrypt,encode
scala,web,maven,spring,thyme,reset,rsa,encrypt,argon2,encode
scala,web,maven,spring,thyme,reset,rsa,encrypt,bcrypt,encode
scala,web,maven,spring,thyme,reset,rsa,encrypt,scrypt,encode
scala,web,maven,spring,thyme,reset,scrypt,encode
scala,web,maven,spring,thyme,secure,3des,encrypt,argon2,encode
scala,web,maven,spring,thyme,secure,3des,encrypt,bcrypt,encode
scala,web,maven,spring,thyme,secure,3des,encrypt,scrypt,encode
scala,web,maven,spring,thyme,secure,aes,encrypt,argon2,encode
scala,web,maven,spring,thyme,secure,aes,encrypt,bcrypt,encode
scala,web,maven,spring,thyme,secure,aes,encrypt,scrypt,encode
scala,web,maven,spring,thyme,secure,argon2,encode
scala,web,maven,spring,thyme,secure,bcrypt,encode
scala,web,maven,spring,thyme,secure,des,encrypt,argon2,encode
scala,web,maven,spring,thyme,secure,des,encrypt,bcrypt,encode
scala,web,maven,spring,thyme,secure,des,encrypt,scrypt,encode
scala,web,maven,spring,thyme,secure,rsa,encrypt,argon2,encode
scala,web,maven,spring,thyme,secure,rsa,encrypt,bcrypt,encode
scala,web,maven,spring,thyme,secure,rsa,encrypt,scrypt,encode
scala,web,maven,spring,thyme,secure,scrypt,encode
scala,web,millbuild,spring,thyme,reset,3des,encrypt,argon2,encode
scala,web,millbuild,spring,thyme,reset,3des,encrypt,bcrypt,encode
scala,web,millbuild,spring,thyme,reset,3des,encrypt,scrypt,encode
scala,web,millbuild,spring,thyme,reset,aes,encrypt,argon2,encode
scala,web,millbuild,spring,thyme,reset,aes,encrypt,bcrypt,encode
scala,web,millbuild,spring,thyme,reset,aes,encrypt,scrypt,encode
scala,web,millbuild,spring,thyme,reset,argon2,encode
scala,web,millbuild,spring,thyme,reset,bcrypt,encode
scala,web,millbuild,spring,thyme,reset,des,encrypt,argon2,encode
scala,web,millbuild,spring,thyme,reset,des,encrypt,bcrypt,encode
scala,web,millbuild,spring,thyme,reset,des,encrypt,scrypt,encode
scala,web,millbuild,spring,thyme,reset,rsa,encrypt,argon2,encode
scala,web,millbuild,spring,thyme,reset,rsa,encrypt,bcrypt,encode
scala,web,millbuild,spring,thyme,reset,rsa,encrypt,scrypt,encode
scala,web,millbuild,spring,thyme,reset,scrypt,encode
scala,web,millbuild,spring,thyme,secure,3des,encrypt,argon2,encode
scala,web,millbuild,spring,thyme,secure,3des,encrypt,bcrypt,encode
scala,web,millbuild,spring,thyme,secure,3des,encrypt,scrypt,encode
scala,web,millbuild,spring,thyme,secure,aes,encrypt,argon2,encode
scala,web,millbuild,spring,thyme,secure,aes,encrypt,bcrypt,encode
scala,web,millbuild,spring,thyme,secure,aes,encrypt,scrypt,encode
scala,web,millbuild,spring,thyme,secure,argon2,encode
scala,web,millbuild,spring,thyme,secure,bcrypt,encode
scala,web,millbuild,spring,thyme,secure,des,encrypt,argon2,encode
scala,web,millbuild,spring,thyme,secure,des,encrypt,bcrypt,encode
scala,web,millbuild,spring,thyme,secure,des,encrypt,scrypt,encode
scala,web,millbuild,spring,thyme,secure,rsa,encrypt,argon2,encode
scala,web,millbuild,spring,thyme,secure,rsa,encrypt,bcrypt,encode
scala,web,millbuild,spring,thyme,secure,rsa,encrypt,scrypt,encode
scala,web,millbuild,spring,thyme,secure,scrypt,encode
scala,web,sbt,spring,thyme,reset,3des,encrypt,argon2,encode
scala,web,sbt,spring,thyme,reset,3des,encrypt,bcrypt,encode
scala,web,sbt,spring,thyme,reset,3des,encrypt,scrypt,encode
scala,web,sbt,spring,thyme,reset,aes,encrypted,argon2,encode
scala,web,sbt,spring,thyme,reset,aes,encrypted,bcrypt,encode
scala,web,sbt,spring,thyme,reset,aes,encrypted,scrypt,encode
scala,web,sbt,spring,thyme,reset,argon2,encode
scala,web,sbt,spring,thyme,reset,bcrypt,encode
scala,web,sbt,spring,thyme,reset,des,encrypt,argon2,encode
scala,web,sbt,spring,thyme,reset,des,encrypt,bcrypt,encode
scala,web,sbt,spring,thyme,reset,des,encrypt,scrypt,encode
scala,web,sbt,spring,thyme,reset,rsa,encrypt,argon2,encode
scala,web,sbt,spring,thyme,reset,rsa,encrypt,bcrypt,encode
scala,web,sbt,spring,thyme,reset,rsa,encrypt,scrypt,encode
scala,web,sbt,spring,thyme,reset,scrypt,encode
scala,web,sbt,spring,thyme,secure,3des,encrypt,argon2,encode
scala,web,sbt,spring,thyme,secure,3des,encrypt,bcrypt,encode
scala,web,sbt,spring,thyme,secure,3des,encrypt,scrypt,encode
scala,web,sbt,spring,thyme,secure,aes,encrypted,argon2,encode
scala,web,sbt,spring,thyme,secure,aes,encrypted,bcrypt,encode
scala,web,sbt,spring,thyme,secure,aes,encrypted,scrypt,encode
scala,web,sbt,spring,thyme,secure,argon2,encode
scala,web,sbt,spring,thyme,secure,bcrypt,encode
scala,web,sbt,spring,thyme,secure,des,encrypt,argon2,encode
scala,web,sbt,spring,thyme,secure,des,encrypt,bcrypt,encode
scala,web,sbt,spring,thyme,secure,des,encrypt,scrypt,encode
scala,web,sbt,spring,thyme,secure,rsa,encrypt,argon2,encode
scala,web,sbt,spring,thyme,secure,rsa,encrypt,bcrypt,encode
scala,web,sbt,spring,thyme,secure,rsa,encrypt,scrypt,encode
scala,web,sbt,spring,thyme,secure,scrypt,encode
java,cli,gradle,jacoco,junit,test,hello,world
java,cli,gradle,jacoco,testng,hello,world
java,cli,gradle,junit,test,console,hello,world
java,cli,gradle,junit,test,html,xml,hello,world
java,cli,gradle,testng,hello,world
java,cli,maven,spock,jacoco,test,hello,world
java,cli,maven,spring,failsafe,jacoco,cucumber,junit,car,data
java,cli,maven,spring,failsafe,jacoco,cucumber,testng,car,data
java,cli,maven,spring,failsafe,jacoco,testng,test,car,data
java,cli,maven,spring,spock,jacoco,test,car,data
java,cli,maven,spring,surefire,jacoco,junit,test,car,data
java,cli,maven,spring,surefire,jacoco,mockito,car,data
java,cli,maven,spring,surefire,jacoco,testng,test,car,data
java,cli,maven,surefire,jacoco,cucumber,junit,hello,world
java,cli,maven,surefire,jacoco,cucumber,testng,hello,world
java,cli,maven,surefire,jacoco,junit,test,hello,world
java,cli,maven,surefire,jacoco,testng,test,hello,world
java,cli,maven,failsafe,jacoco,cucumber,junit,hello,world
java,cli,maven,failsafe,jacoco,cucumber,testng,hello,world
java,cli,maven,failsafe,jacoco,junit,test,hello,world
java,cli,maven,failsafe,jacoco,testng,test,hello,world
java,cli,gradle,cucumber,jacoco,junit,test,hello,world
java,cli,gradle,cucumber,jacoco,testng,test,hello,world
java,cli,gradle,cucumber,junit,test,hello,world
java,cli,gradle,cucumber,testng,test,hello,world
java,cli,gradle,jacoco,spock,test,hello,world
java,cli,gradle,spock,test,hello,world
java,cli,gradle,spring,jacoco,junit,car,data
java,cli,gradle,spring,jacoco,mockito,car,data
java,cli,gradle,spring,jacoco,testng,car,data
java,cli,gradle,spring,junit,car,data
java,cli,gradle,spring,mockito,car,data
java,cli,gradle,spring,testng,car,data
java,cli,maven,javadoc
java,cli,sbt,cucumber,junit,test,hello,world
java,cli,sbt,jacoco,junit,test,hello,world
java,cli,sbt,jacoco,testng,hello,world
java,cli,sbt,junit,test,hello,world
java,cli,sbt,spring,junit,test,car,data
java,cli,sbt,spring,testng,car,data
java,cli,sbt,testng,hello,world
python,cli,pydoc,hello,world
python,cli,pytest,hello,world
python,cli,unit,test,hello,world
ruby,cli,unit,test,hello,world
scala,cli,sbt,cucumber,junit,test,hello,world
scala,cli,sbt,cucumber,testng,test,hello,world
scala,cli,sbt,jacoco,junit,test,hello,world
scala,cli,sbt,jacoco,testng,hello,world
scala,cli,sbt,junit,test,hello,world
scala,cli,sbt,testng,hello,world
cpp,cli,bazel,hello,world
cpp,cli,bazel,sieve,atkin
cpp,cli,bazel,sieve,eratosthenes
groovy,cli,gradle,cucumber,jacoco,junit,test,hello,world
groovy,cli,gradle,cucumber,jacoco,testng,test,hello,world
groovy,cli,gradle,cucumber,junit,test,hello,world
groovy,cli,gradle,cucumber,testng,test,hello,world
groovy,cli,gradle,jacoco,junit,test,hello,world
groovy,cli,gradle,jacoco,spock,test,hello,world
groovy,cli,gradle,jacoco,testng,hello,world
groovy,cli,gradle,junit,test,console,hello,world
groovy,cli,gradle,junit,test,html,xml,hello,world
groovy,cli,gradle,spock,test,hello,world
groovy,cli,gradle,spring,jacoco,junit,car,data
groovy,cli,gradle,spring,jacoco,mockito,car,data
groovy,cli,gradle,spring,jacoco,testng,car,data
groovy,cli,gradle,spring,junit,car,data
groovy,cli,gradle,spring,mockito,car,data
groovy,cli,gradle,spring,testng,car,data
groovy,cli,gradle,testng,hello,world
java,cli,bazel,junit,test,hello,world
python,cli,bazel,hello,world
python,cli,bazel,pascal,functional,prog
python,cli,bazel,seg,sieve
python,cli,bazel,sieve,atkin
python,cli,bazel,sieve,eratosthenes
python,cli,bazel,ugly,num,functional,prog
python,cli,pydoc,pascal,functional,prog
python,cli,pydoc,ugly,num,functional,prog
python,cli,pytest,pascal,functional,prog
python,cli,pytest,ugly,num,functional,prog
scala,cli,bazel,crypto,aes,password
scala,cli,bazel,crypto,aes,password,salt
scala,cli,bazel,crypto,des,password
scala,cli,bazel,crypto,des,password,salt
scala,cli,bazel,crypto,gzip,compress,rsa,encrypted
scala,cli,bazel,crypto,gzip,compress,rsa,encrypted,argon2,encoded
scala,cli,bazel,crypto,gzip,compress,rsa,encrypted,bcrypt,encoded
scala,cli,bazel,crypto,gzip,compress,rsa,encrypted,scrypt,encoded
scala,cli,bazel,crypto,pbkdf2,hashing
scala,cli,bazel,crypto,scrypt,hashing
scala,cli,maven,crypto,pbkdf2,hashing
c,cli,bazel,ugly,number
clean.sh
clojure,cli,hello,world
cpp,cli,bazel,pascal,triangle
cpp,cli,bazel,seg,sieve
cpp,cli,bazel,ugly,number
groovy,cli,bazel,pascal,triangle
groovy,cli,bazel,sieve,atkins
groovy,cli,bazel,sieve,eratostheres
groovy,cli,bazel,sieve,seg
groovy,cli,bazel,ugly,num
java,cli,bazel,pascal,triangle
java,cli,bazel,sieve,atkin
java,cli,bazel,sieve,eratostheres
java,cli,bazel,sieve,seg
java,cli,bazel,ugly,num
java,cli,millbuild,hello,world
java,cli,millbuild,pascal,triangle
java,cli,millbuild,sieve,atkins
java,cli,millbuild,sieve,eratostheres
java,cli,millbuild,sieve,seg
java,cli,millbuild,ugly,num
kotlin,cli,bazel,mongo,crud,delete
kotlin,cli,bazel,mongo,crud,select,all
kotlin,cli,bazel,mongo,crud,select,insert,many
kotlin,cli,bazel,mongo,crud,update
kotlin,cli,bazel,pascal,triangle
kotlin,cli,bazel,sieve,atkins
kotlin,cli,bazel,sieve,eratostheres
kotlin,cli,bazel,sieve,seg
kotlin,cli,bazel,ugly,number
kotlin,cli,millbuild,hello,world
perl,cli,bazel,hello,world
perl,cli,bazel,pascal,functional,prog
perl,cli,bazel,seg,sieve,functional,prog
perl,cli,bazel,sieve,functional,prog
perl,cli,bazel,ugly,num,functional,prog
scala,cli,bazel,mongo,crud,delete
scala,cli,bazel,mongo,crud,insert,many
scala,cli,bazel,mongo,crud,select,all
scala,cli,bazel,mongo,crud,select,insert,many
scala,cli,bazel,mongo,crud,update
scala,cli,bazel,spring,activemq,object,hello,world
scala,cli,bazel,spring,activemq,string,hello,world
scala,cli,bazel,triple,des,encryption,salted,password
scala,cli,gradle,mongo,crud,delete
scala,cli,gradle,mongo,crud,insert,many
scala,cli,gradle,mongo,crud,select,all
scala,cli,gradle,mongo,crud,update
scala,cli,millbuild,mongo,crud,delete
scala,cli,millbuild,mongo,crud,insert,many
scala,cli,millbuild,mongo,crud,select,all
scala,cli,millbuild,mongo,crud,update
scala,cli,sbt,mongo,crud,delete
scala,cli,sbt,mongo,crud,insert,many
scala,cli,sbt,mongo,crud,select,all
scala,cli,sbt,mongo,crud,update
